longitude,latitude
73.65208436445215,15.799166696066429
73.65208436445215,15.796638480945068
,
73.65208436445215,15.796638480945068
73.65372463353474,15.794166542199132
,
73.65372463353474,15.794166542199132
73.65372463353472,15.792499524042098
,
73.65372463353472,15.792499524042098
73.6558075344581,15.791250200599563
,
73.6558075344581,15.791250200599563
73.65624999884318,15.795000053708558
,
73.65624999884318,15.795000053708558
73.65789032435259,15.798333150865075
,
73.66208646897213,15.79997249208024
73.66122437877864,15.79836082381146
,
73.66122437877864,15.79836082381146
73.66122437877864,15.795833571248144
,
73.66122437877864,15.795833571248144
73.65958408001828,15.794166540590588
,
73.65958408001828,15.794166540590588
73.65869144010588,15.791610746381034
,
73.65869144010588,15.791610746381034
73.65541842369646,15.788332949402854
,
73.65541842369646,15.788332949402854
73.65705875587486,15.782472623874831
,
73.65705875587486,15.782472623874831
73.65872188944864,15.779972090183692
,
73.65872188944864,15.779972090183692
73.65875242860793,15.77750014153978
,
73.65875242860793,15.77750014153978
73.66041563822485,15.774138459033601
,
73.66041563822485,15.774138459033601
73.66122437877864,15.769139259498127
,
73.66122437877864,15.769139259498127
73.66291810681516,15.765832895832679
,
73.66291810681516,15.765832895832679
73.66286466437276,15.761694917003336
,
73.66286466437276,15.761694917003336
73.66371920286012,15.760833785567986
,
73.66371920286012,15.760833785567986
73.66371920286012,15.756638496560475
,
73.66371920286012,15.756638496560475
73.66458128252545,15.755833643630641
,
73.66458128252545,15.755833643630641
73.66458128252545,15.754166577066114
,
73.66458128252545,15.754166577066114
73.6658325400453,15.753722159633893
,
73.6658325400453,15.753722159633893
73.66705325198292,15.755000074178712
,
73.66705325198292,15.755000074178712
73.66705325198292,15.756667164943993
,
73.66705325198292,15.756667164943993
73.6699981636565,15.758749997514071
,
73.6699981636565,15.758749997514071
73.67082976926936,15.757082948792991
,
73.67082976926936,15.757082948792991
73.67333220000647,15.756250401124145
,
73.67333220000647,15.756250401124145
73.67458340385717,15.755000151091009
,
73.67458340385717,15.755000151091009
73.67622376169389,15.751667031113316
,
73.67622376169389,15.751667031113316
73.67414088938268,15.75125022354286
,
73.67414088938268,15.75125022354286
73.6724700674951,15.752916371070798
,
73.6724700674951,15.752916371070798
73.67163846857053,15.752916310906908
,
73.67163846857053,15.752916310906908
73.6699981636565,15.75122257526738
,
73.6699981636565,15.75122257526738
73.66955563923159,15.754138944023644
,
73.66955563923159,15.754138944023644
73.66830440453452,15.754555716855032
,
73.66830440453452,15.754555716855032
73.66333010715802,15.747916266212389
,
73.66333010715802,15.747916266212389
73.66249847099219,15.747916179572886
,
73.66249847099219,15.747916179572886
73.65830233483099,15.744555480368422
,
73.65830233483099,15.744555480368422
73.65416719224721,15.744583092490828
,
73.65416719224721,15.744583092490828
73.65288541311682,15.740805647139148
,
73.65288541311682,15.740805647139148
73.65413665240334,15.737916935896282
,
73.65413665240334,15.737916935896282
73.65752412205984,15.738750468559195
,
73.65752412205984,15.738750468559195
73.6658325400453,15.7345552629394
,
73.6658325400453,15.7345552629394
73.66916655465359,15.732916796036386
,
73.66916655465359,15.732916796036386
73.67082976926936,15.73286154585938
,
73.67082976926936,15.73286154585938
73.6720809884766,15.731666553671728
,
73.6720809884766,15.731666553671728
73.6720809884766,15.729944240048392
,
73.6720809884766,15.729944240048392
73.67458340385717,15.728361159449134
,
73.67458340385717,15.728361159449134
73.6746139406436,15.726638766763921
,
73.6746139406436,15.726638766763921
73.67663573516656,15.724583617018416
,
73.67663573516656,15.724583617018416
73.6791076483182,15.723722457821138
,
73.6791076483182,15.723722457821138
73.68119810379167,15.721693992780123
,
73.68119810379167,15.721693992780123
73.68080904144115,15.71875003152286
,
73.68080904144115,15.71875003152286
73.68660735852521,15.717916530266326
,
73.68660735852521,15.717916530266326
73.69000246128738,15.720417047965675
,
73.69000246128738,15.720417047965675
73.69163515107415,15.720417067451502
,
73.69163515107415,15.720417067451502
73.69247439162581,15.719555825983633
,
73.69247439162581,15.719555825983633
73.69580841894829,15.718722324681618
,
73.69580841894829,15.718722324681618
73.6970520307946,15.72000030196992
,
73.6970520307946,15.72000030196992
73.69708256420738,15.721666368398015
,
73.69708256420738,15.721666368398015
73.69619754239385,15.722472191500138
,
73.69619754239385,15.722472191500138
73.6962204425503,15.72577760877819
,
73.6962204425503,15.72577760877819
73.69789124895328,15.7274723384737
,
73.69789124895328,15.7274723384737
73.6978912489533,15.72833348093635
,
73.6978912489533,15.72833348093635
73.69916538113313,15.729583710806084
,
73.69916538113313,15.729583710806084
73.70333095081467,15.728750255636083
,
73.70333095081467,15.728750255636083
73.70455934019006,15.730833095319229
,
73.70455934019006,15.730833095319229
73.70749661448014,15.733722651181443
,
73.70749661448014,15.733722651181443
73.70916750753473,15.733722656792656
,
73.70916750753473,15.733722656792656
73.71166991505773,15.732083333108708
,
73.71166991505773,15.732083333108708
73.71330260995477,15.732083328788088
,
73.71330260995477,15.732083328788088
73.71624756957972,15.729167011466687
,
73.71624756957972,15.729167011466687
73.71710969578908,15.724139179090784
,
73.71710969578908,15.724139179090784
73.71580505612602,15.722916568902583
,
73.71580505612602,15.722916568902583
73.71330260995477,15.722916567519071
,
73.71330260995477,15.722916567519071
73.71002957412139,15.720417055019519
,
73.71002957412139,15.720417055019519
73.70913697594247,15.720417039548458
,
73.70913697594247,15.720417039548458
73.70664217010157,15.718722365044366
,
73.70664217010157,15.718722365044366
73.70333095081467,15.718722305460812
,
73.70333095081467,15.718722305460812
73.69997405757616,15.71622181885138
,
73.69997405757616,15.71622181885138
73.69583131914864,15.716250387444589
,
73.69583131914864,15.716250387444589
73.6941681292501,15.715389290267638
,
73.6941681292501,15.715389290267638
73.69333652919141,15.717111583956818
,
73.69333652919141,15.717111583956818
73.6924972922022,15.717111582367838
,
73.6924972922022,15.717111582367838
73.69125365245715,15.715833631639587
,
73.69125365245715,15.715833631639587
73.69122311816776,15.71330548307095
,
73.69122311816776,15.71330548307095
73.69288633218797,15.709972379105901
,
73.69288633218797,15.709972379105901
73.69374846800471,15.704138727188866
,
73.69374846800471,15.704138727188866
73.69455716603471,15.703332940515338
,
73.69455716603471,15.703332940515338
73.69455716603471,15.699138637203394
,
73.69455716603471,15.699138637203394
73.69875336351124,15.695833172165559
,
73.69875336351124,15.695833172165559
73.69875336351124,15.694110865881804
,
73.69875336351124,15.694110865881804
73.69791414891861,15.693305941428164
,
73.69791414891861,15.693305941428164
73.69791414891861,15.691638918318402
,
73.69791414891861,15.691638918318402
73.69869229718395,15.69080546677748
,
73.69869229718395,15.69080546677748
73.6987228303499,15.68999957157548
,
73.6987228303499,15.68999957157548
73.70205684480855,15.68747232092996
,
73.70205684480855,15.68747232092996
73.705360451875,15.679111442873058
,
73.705360451875,15.679111442873058
73.70539089423615,15.676666228563116
,
73.70539089423615,15.676666228563116
73.70627596572155,15.675861349396786
,
73.70627596572155,15.675861349396786
73.70622253466911,15.672471971618094
,
73.70622253466911,15.672471971618094
73.70705417168759,15.671610817389345
,
73.70705417168759,15.671610817389345
73.7070846137942,15.669138894135788
,
73.7070846137942,15.669138894135788
73.70874787733551,15.665833431538458
,
73.70874787733551,15.665833431538458
73.71205900804705,15.661666878887006
,
73.71205900804705,15.661666878887006
73.71205900804705,15.659193952447552
,
73.71205900804705,15.659193952447552
73.7137527616093,15.65580557545215
,
73.7137527616093,15.65580557545215
73.7137527616093,15.654138556555761
,
73.7137527616093,15.654138556555761
73.71494292435311,15.652889268937365
,
73.71494292435311,15.652889268937365
73.71583558671196,15.652889286863115
,
73.71583558671196,15.652889286863115
73.71663665376221,15.655416456510586
,
73.71663665376221,15.655416456510586
73.71791839035743,15.653306049260777
,
73.71791839035743,15.653306049260777
73.71791839035743,15.649110775047639
,
73.71791839035743,15.649110775047639
73.7170257371958,15.648305909809224
,
73.7170257371958,15.648305909809224
73.71708679799437,15.643305788616109
,
73.71708679799437,15.643305788616109
73.71874997929856,15.640000352822819
,
73.71874997929856,15.640000352822819
73.71958156481728,15.637472178063282
,
73.71958156481728,15.637472178063282
73.72119138828052,15.635833753817094
,
73.72119138828052,15.635833753817094
73.72122191805266,15.634166682127816
,
73.72122191805266,15.634166682127816
73.72455601077262,15.630861258179015
,
73.72455601077262,15.630861258179015
73.72458645024403,15.628333128086345
,
73.72458645024403,15.628333128086345
73.73124692714296,15.622500438512
,
73.73124692714296,15.622500438512
73.73124692714298,15.619972229909887
,
73.73124692714298,15.619972229909887
73.73371889237175,15.614944502267976
,
73.73371889237175,15.614944502267976
73.7358093228985,15.61375043917043
,
73.7358093228985,15.61375043917043
73.73828123213843,15.61372188478384
,
73.73828123213843,15.61372188478384
73.73958590600574,15.61497215899408
,
73.73958590600574,15.61497215899408
73.73955537901443,15.618305202578647
,
73.73955537901443,15.618305202578647
73.74038696851665,15.619972235324363
,
73.74038696851665,15.619972235324363
73.74250031449472,15.622056044270547
,
73.74250031449472,15.622056044270547
73.74333189182335,15.622055976460407
,
73.74333189182335,15.622055976460407
73.74996948303,15.628749858680104
,
73.74996948303,15.628749858680104
73.75164029350134,15.628777508388334
,
73.75164029350134,15.628777508388334
73.75416560601076,15.631250359912084
,
73.75416560601076,15.631250359912084
73.75666808322532,15.63205532321654
,
73.75666808322532,15.63205532321654
73.7616653130671,15.635417012023444
,
73.7616653130671,15.635417012023444
73.76413726318947,15.636249576795395
,
73.76413726318947,15.636249576795395
73.7662201054876,15.638333341797395
,
73.7662201054876,15.638333341797395
73.76619721328235,15.639194527876661
,
73.76619721328235,15.639194527876661
73.77127841067642,15.644139271121059
,
73.77127841067642,15.644139271121059
73.77291870111479,15.647472358552355
,
73.77291870111479,15.647472358552355
73.77586368530136,15.65041640770121
,
73.77586368530136,15.65041640770121
73.77916715794885,15.652055736152054
,
73.77916715794885,15.652055736152054
73.78080747339992,15.6529168698052
,
73.78080747339992,15.6529168698052
73.78330234644548,15.652889229782653
,
73.78330234644548,15.652889229782653
73.7841949743377,15.653750416377129
,
73.7841949743377,15.653750416377129
73.78744507917456,15.653778060399327
,
73.78744507917456,15.653778060399327
73.78958126693563,15.652444825660183
,
73.78958126693563,15.652444825660183
73.78952785803246,15.649999609589582
,
73.78952785803246,15.649999609589582
73.78747559886841,15.649582901143493
,
73.78747559886841,15.649582901143493
73.78333286677322,15.64708331648057
,
73.78333286677322,15.64708331648057
73.77874758404407,15.642527620970254
,
73.77874758404407,15.642527620970254
73.77874758404407,15.64166638024978
,
73.77874758404407,15.64166638024978
73.77169800026202,15.633749922023615
,
73.77169800026202,15.633749922023615
73.76750179548527,15.632082944973945
,
73.76750179548527,15.632082944973945
73.7653580101632,15.630000084206078
,
73.7653580101632,15.630000084206078
73.7653580101632,15.629194285174762
,
73.7653580101632,15.629194285174762
73.7616653130671,15.625389069244676
,
73.7616653130671,15.625389069244676
73.76000212728474,15.625416741157728
,
73.76000212728474,15.625416741157728
73.75746916740118,15.62374973993711
,
73.75746916740118,15.62374973993711
73.7562255688082,15.624138814317039
,
73.7562255688082,15.624138814317039
73.75580594680974,15.62541671125291
,
73.75580594680974,15.62541671125291
73.7541351710129,15.625389122408027
,
73.7541351710129,15.625389122408027
73.75250244781357,15.622916238453149
,
73.75250244781357,15.622916238453149
73.75077822526711,15.622916250854974
,
73.75077822526711,15.622916250854974
73.75044253658338,15.621639243102491
,
73.75044253658338,15.621639243102491
73.74872592775029,15.620833420566289
,
73.74872592775029,15.620833420566289
73.74872592775029,15.619166345454273
,
73.74872592775029,15.619166345454273
73.74996948303,15.61791707251367
,
73.74996948303,15.61791707251367
73.7541351710129,15.617083515285618
,
73.7541351710129,15.617083515285618
73.75794220327641,15.614972091353344
,
73.75794220327641,15.614972091353344
73.75788878591992,15.61330505627081
,
73.75788878591992,15.61330505627081
73.7537537006924,15.60999967636421
,
73.7537537006924,15.60999967636421
73.75208281802976,15.60580541590109
,
73.75208281802976,15.60580541590109
73.75077822526711,15.604555113025347
,
73.75077822526711,15.604555113025347
73.74916836891983,15.605388663892004
,
73.74916836891983,15.605388663892004
73.74580379842449,15.604583755606768
,
73.74580379842449,15.604583755606768
73.74330899700662,15.60708328065975
,
73.74330899700662,15.60708328065975
73.74080662272182,15.607055641155203
,
73.74080662272182,15.607055641155203
73.73997494516885,15.607916846469028
,
73.73997494516885,15.607916846469028
73.73750305672642,15.607916865666914
,
73.73750305672642,15.607916865666914
73.7345581379184,15.604167019618028
,
73.7345581379184,15.604167019618028
73.7345581379184,15.60163879357194
,
73.7345581379184,15.60163879357194
73.73625179248275,15.59830565694263
,
73.73625179248275,15.59830565694263
73.73627468810238,15.595000305486717
,
73.73627468810238,15.595000305486717
73.73374942024793,15.591638579845538
,
73.73374942024793,15.591638579845538
73.73377994811948,15.5883054448269
,
73.73377994811948,15.5883054448269
73.73627468810238,15.58580588157462
,
73.73627468810238,15.58580588157462
73.73872378607585,15.581694624470225
,
73.73872378607585,15.581694624470225
73.73872378607585,15.579166435886112
,
73.73872378607585,15.579166435886112
73.7404174953818,15.574972132981252
,
73.7404174953818,15.574972132981252
73.74044802224232,15.571639066353212
,
73.74044802224232,15.571639066353212
73.74121855458198,15.57086087225637
,
73.74121855458198,15.57086087225637
73.74121855458198,15.566666578013438
,
73.74121855458198,15.566666578013438
73.74208066382268,15.56580539464288
,
73.74208066382268,15.56580539464288
73.74208066382269,15.56413838930566
,
73.74208066382269,15.56413838930566
73.74458311203885,15.562499973351747
,
73.74458311203885,15.562499973351747
73.74458311203885,15.560832984725584
,
73.74458311203885,15.560832984725584
73.7458343244674,15.559583620176
,
73.7458343244674,15.559583620176
73.7483368157378,15.558722538693937
,
73.7483368157378,15.558722538693937
73.74958037342644,15.5574722137195
,
73.74958037342644,15.5574722137195
73.75372317585312,15.54911136182433
,
73.75372317585312,15.54911136182433
73.7537537006924,15.54330536208408
,
73.7537537006924,15.54330536208408
73.75705717908816,15.53747177697152
,
73.75705717908816,15.53747177697152
73.76127622614776,15.532444005701118
,
73.76127622614776,15.532444005701118
73.7612228096797,15.530833262439417
,
73.7612228096797,15.530833262439417
73.76288607510564,15.527472464184852
,
73.76288607510564,15.527472464184852
73.76291659855004,15.524999589661823
,
73.76291659855004,15.524999589661823
73.76374818107092,15.524138446091479
,
73.76374818107092,15.524138446091479
73.76369476526192,15.522472386341772
,
73.76369476526192,15.522472386341772
73.76452634455217,15.52161124148471
,
73.76452634455217,15.52161124148471
73.7645568677466,15.517499921435693
,
73.7645568677466,15.517499921435693
73.76538853323089,15.516638786137745
,
73.76538853323089,15.516638786137745
73.7653580101632,15.512499853584439
,
73.7653580101632,15.512499853584439
73.7645797601394,15.511638649174808
,
73.7645797601394,15.511638649174808
73.7645568677466,15.506638542620315
,
73.7645568677466,15.506638542620315
73.76875304449791,15.499138842563108
,
73.76875304449791,15.499138842563108
73.76877593641086,15.496666884846896
,
73.76877593641086,15.496666884846896
73.7670821970998,15.49333282570432
,
73.7670821970998,15.49333282570432
73.76999665509621,15.489555398143791
,
73.76999665509621,15.489555398143791
73.77413939451506,15.489583037957104
,
73.77413939451506,15.489583037957104
73.77497102016669,15.488721881119773
,
73.77497102016669,15.488721881119773
73.77752682902462,15.488750434397337
,
73.77752682902462,15.488750434397337
73.7799987626723,15.490361174944127
,
73.7799987626723,15.490361174944127
73.78080747339992,15.491222394435692
,
73.78080747339992,15.491222394435692
73.78583524846594,15.492055928734755
,
73.78583524846594,15.492055928734755
73.7879181339044,15.494138750891278
,
73.7879181339044,15.494138750891278
73.78747559886843,15.495416630249613
,
73.78747559886843,15.495416630249613
73.78250118617298,15.495388956256456
,
73.78250118617298,15.495388956256456
73.78125002322712,15.496694556809244
,
73.78125002322712,15.496694556809244
73.78166959187332,15.497888601271864
,
73.78166959187332,15.497888601271864
73.78333286677322,15.497916188141057
,
73.78333286677322,15.497916188141057
73.78416445414183,15.497055981622797
,
73.78416445414183,15.497055981622797
73.78747559886843,15.497056027436857
,
73.78747559886843,15.497056027436857
73.78916934478931,15.498749705719664
,
73.78916934478931,15.498749705719664
73.7916641132321,15.498694389501589
,
73.7916641132321,15.498694389501589
73.79250338534305,15.497888601487267
,
73.79250338534305,15.497888601487267
73.7941665698624,15.49791626301277
,
73.7941665698624,15.49791626301277
73.79666899504461,15.496250150358723
,
73.79666899504461,15.496250150358723
73.79830934600017,15.49627779094214
,
73.79830934600017,15.49627779094214
73.799972571766,15.494555507723994
,
73.799972571766,15.494555507723994
73.80252841911445,15.494555454237252
,
73.80252841911445,15.494555454237252
73.8032760936201,15.495444281401257
,
73.8032760936201,15.495444281401257
73.80997470084377,15.494610753053998
,
73.80997470084377,15.494610753053998
73.81375122916324,15.498305352606067
,
73.81375122916324,15.498305352606067
73.81291958594356,15.499972318284131
,
73.81291958594356,15.499972318284131
73.81288907015369,15.50327778014267
,
73.81288907015369,15.50327778014267
73.81419370573425,15.503749865391603
,
73.81419370573425,15.503749865391603
73.81625367696992,15.505833655344194
,
73.81625367696992,15.505833655344194
73.81625367696992,15.506638499353084
,
73.81625367696992,15.506638499353084
73.81913752894532,15.508722306686247
,
73.81913752894532,15.508722306686247
73.82160948405776,15.50872228497165
,
73.82160948405776,15.50872228497165
73.82453158007593,15.5066108350117
,
73.82453158007593,15.5066108350117
73.8260803389947,15.503833796353012
,
73.8260803389947,15.503833796353012
73.8262786783413,15.500444382378578
,
73.8262786783413,15.500444382378578
73.82166288433797,15.498749705649791
,
73.82166288433797,15.498749705649791
73.81872557830324,15.495805783050317
,
73.81872557830324,15.495805783050317
73.81786344092048,15.493332891624116
,
73.81786344092048,15.493332891624116
73.81497194154393,15.490388894898262
,
73.81497194154393,15.490388894898262
73.81249999342127,15.489583042141808
,
73.81249999342127,15.489583042141808
73.80955501234189,15.48669433556306
,
73.80955501234189,15.48669433556306
73.80791475418155,15.483277351860004
,
73.80791475418155,15.483277351860004
73.8087463286166,15.472444499027334
,
73.8087463286166,15.472444499027334
73.80786135019976,15.471638688783573
,
73.80786135019976,15.471638688783573
73.80789186676255,15.468305585148238
,
73.80789186676255,15.468305585148238
73.80705256982259,15.467499751571319
,
73.80705256982259,15.467499751571319
73.8062515051109,15.464166642383184
,
73.8062515051109,15.464166642383184
73.80166630114311,15.4596109440527
,
73.80166630114311,15.4596109440527
73.79916384904791,15.459583258432488
,
73.79916384904791,15.459583258432488
73.79666899504461,15.46125031790695
,
73.79666899504461,15.46125031790695
73.79497531288756,15.461222636962427
,
73.79497531288756,15.461222636962427
73.79419708852677,15.462027570615646
,
73.79419708852677,15.462027570615646
73.78997038851239,15.462082831680988
,
73.78997038851239,15.462082831680988
73.78874970215452,15.460805933567629
,
73.78874970215452,15.460805933567629
73.78874970215452,15.459138901729688
,
73.78874970215452,15.459138901729688
73.7900009078196,15.457888613747182
,
73.7900009078196,15.457888613747182
73.7933349344583,15.457027434152183
,
73.7933349344583,15.457027434152183
73.80080417943385,15.452083570526879
,
73.80080417943385,15.452083570526879
73.80247501368501,15.450361213073029
,
73.80247501368501,15.450361213073029
73.80419160959283,15.45038890512141
,
73.80419160959283,15.45038890512141
73.80583189849659,15.452917068494328
,
73.80583189849659,15.452917068494328
73.81246947756685,15.452888462584813
,
73.81246947756685,15.452888462584813
73.81414030344186,15.451250062255856
,
73.81414030344186,15.451250062255856
73.81580348640783,15.450388865308572
,
73.81580348640783,15.450388865308572
73.82163999850536,15.451222445687282
,
73.82163999850536,15.451222445687282
73.82247160514082,15.452083622260314
,
73.82247160514082,15.452083622260314
73.82661441883651,15.452055900442312
,
73.82661441883651,15.452055900442312
73.8274994032823,15.45125003874821
,
73.8274994032823,15.45125003874821
73.83249665063978,15.448749585316103
,
73.83249665063978,15.448749585316103
73.83580779702342,15.448778167385228
,
73.83580779702342,15.448778167385228
73.84080501375733,15.445416453068663
,
73.84080501375733,15.445416453068663
73.84244535835565,15.445416440900859
,
73.84244535835565,15.445416440900859
73.843696584196,15.446639017608856
,
73.843696584196,15.446639017608856
73.84455869868032,15.449166299495278
,
73.84455869868032,15.449166299495278
73.84580228343526,15.45041660255921
,
73.84580228343526,15.45041660255921
73.84827426398358,15.450388903821745
,
73.84827426398358,15.450388903821745
73.84999844914442,15.449583053286979
,
73.84999844914442,15.449583053286979
73.85958097870429,15.439999588848156
,
73.85958097870429,15.439999588848156
73.86125185473114,15.436666480434473
,
73.86125185473114,15.436666480434473
73.86205287597173,15.435000451689708
,
73.86205287597173,15.435000451689708
73.86205287597173,15.432499894372354
,
73.86205287597173,15.432499894372354
73.86413576716019,15.42791652517496
,
73.86413576716019,15.42791652517496
73.86830902036623,15.427916561368978
,
73.86830902036623,15.427916561368978
73.86911010255731,15.428722370464401
,
73.86911010255731,15.428722370464401
73.87330630930515,15.429555871617188
,
73.87330630930515,15.429555871617188
73.87413787741497,15.430417073199655
,
73.87413787741497,15.430417073199655
73.88330840049176,15.429555926070666
,
73.88330840049176,15.429555926070666
73.88522338048669,15.427555049132552
,
73.88522338048669,15.427555049132552
73.88713834174267,15.42188927524903
,
73.88713834174267,15.42188927524903
73.88816830752961,15.417249644482023
,
73.88816830752961,15.417249644482023
73.88819504350306,15.413597149186545
,
73.88819504350306,15.413597149186545
73.88822177947289,15.409944561632337
,
73.88822177947289,15.409944561632337
73.88583374053427,15.400416337299779
,
73.88583374053427,15.400416337299779
73.88166812771367,15.397916776258652
,
73.88166812771367,15.397916776258652
73.87750242628042,15.39702796316705
,
73.87750242628042,15.39702796316705
73.87664027679106,15.396222144490176
,
73.87664027679106,15.396222144490176
73.87247464794449,15.397055658752267
,
73.87247464794449,15.397055658752267
73.87205509233709,15.398333529003667
,
73.87205509233709,15.398333529003667
73.86830902036623,15.402111030148603
,
73.86830902036623,15.402111030148603
73.86499788186185,15.401222198118926
,
73.86499788186185,15.401222198118926
73.86083218541629,15.39791678200848
,
73.86083218541629,15.39791678200848
73.8558349380999,15.400361091679873
,
73.8558349380999,15.400361091679873
73.85163880698812,15.400416373295304
,
73.85163880698812,15.400416373295304
73.8491668686461,15.398722680718743
,
73.8491668686461,15.398722680718743
73.84661099518921,15.39872265216526
,
73.84661099518921,15.39872265216526
73.84535978783917,15.399971942323615
,
73.84535978783917,15.399971942323615
73.84541318170238,15.4025001443606
,
73.84541318170238,15.4025001443606
73.84705348797706,15.404972044419923
,
73.84705348797706,15.404972044419923
73.84705348797706,15.406639075537592
,
73.84705348797706,15.406639075537592
73.84413908352401,15.408749563592366
,
73.84413908352401,15.408749563592366
73.83911134971123,15.408721935676878
,
73.83911134971123,15.408721935676878
73.83833311908734,15.407917001281064
,
73.83833311908734,15.407917001281064
73.83580779702342,15.407083483688515
,
73.83580779702342,15.407083483688515
73.83249665063978,15.403750429597988
,
73.83249665063978,15.403750429597988
73.83161159881051,15.403750389587538
,
73.83161159881051,15.403750389587538
73.83002474175564,15.405388795093977
,
73.83002474175564,15.405388795093977
73.828308100241,15.402916869009422
,
73.828308100241,15.402916869009422
73.8258361390103,15.402916866321148
,
73.8258361390103,15.402916866321148
73.82247160514082,15.408749597326649
,
73.82247160514082,15.408749597326649
73.82083127430721,15.409610716253114
,
73.82083127430721,15.409610716253114
73.81833651302172,15.409583129767974
,
73.81833651302172,15.409583129767974
73.81702418615629,15.408305140746391
,
73.81702418615629,15.408305140746391
73.81788632718926,15.403333700275912
,
73.81788632718926,15.403333700275912
73.81583400174937,15.401249920189667
,
73.81583400174937,15.401249920189667
73.81246947756685,15.399555233504291
,
73.81246947756685,15.399555233504291
73.80828095252699,15.39788913041553
,
73.80828095252699,15.39788913041553
73.80702968230423,15.39913841419365
,
73.80702968230423,15.39913841419365
73.80708308650964,15.401666670418642
,
73.80708308650964,15.401666670418642
73.80374911073254,15.404166182661802
,
73.80374911073254,15.404166182661802
73.80374911073254,15.406639058331107
,
73.80374911073254,15.406639058331107
73.80249790172796,15.407888406637166
,
73.80249790172796,15.407888406637166
73.79916384904791,15.408749545462893
,
73.79916384904791,15.408749545462893
73.79666899504461,15.412917117107444
,
73.79666899504461,15.412917117107444
73.78749848863575,15.4129171731324
,
73.78749848863575,15.4129171731324
73.78583524846594,15.412055928986105
,
73.78583524846594,15.412055928986105
73.78455349652425,15.410833313913292
,
73.78455349652425,15.410833313913292
73.78455349652425,15.408305122950114
,
73.78455349652425,15.408305122950114
73.78705595266838,15.405805609069722
,
73.78705595266838,15.405805609069722
73.78788761427828,15.404138535911107
,
73.78788761427828,15.404138535911107
73.7879181339044,15.40166665076503
,
73.7879181339044,15.40166665076503
73.7912521056292,15.398305904142255
,
73.7912521056292,15.398305904142255
73.79035950932936,15.394971822252648
,
73.79035950932936,15.394971822252648
73.79244234749059,15.392916723869025
,
73.79244234749059,15.392916723869025
73.79582974049042,15.391222003298411
,
73.79582974049042,15.391222003298411
73.79750061652122,15.391222042426037
,
73.79750061652122,15.391222042426037
73.80080417943385,15.392916664522078
,
73.80080417943385,15.392916664522078
73.80169681865725,15.392110792289467
,
73.80169681865725,15.392110792289467
73.80416872174492,15.3920554709528
,
73.80416872174492,15.3920554709528
73.80583189849659,15.392861376820385
,
73.80583189849659,15.392861376820385
73.80708308650964,15.391666427917151
,
73.80708308650964,15.391666427917151
73.80869292485843,15.387499845705587
,
73.80869292485843,15.387499845705587
73.80872344129344,15.384972573822838
,
73.80872344129344,15.384972573822838
73.80955501234189,15.384111360393984
,
73.80955501234189,15.384111360393984
73.80955501234189,15.380833609939115
,
73.80955501234189,15.380833609939115
73.80791475418155,15.379166644779234
,
73.80791475418155,15.379166644779234
73.807113603192,15.376638391632854
,
73.807113603192,15.376638391632854
73.80836487288605,15.37544442773503
,
73.80836487288605,15.37544442773503
73.81083678276137,15.375389125878387
,
73.81083678276137,15.375389125878387
73.81416319014036,15.373749758980551
,
73.81416319014036,15.373749758980551
73.816665632749,15.371222487872329
,
73.816665632749,15.371222487872329
73.82080838837852,15.371250153946153
,
73.82080838837852,15.371250153946153
73.8233032082844,15.369555475387127
,
73.8233032082844,15.369555475387127
73.82997134373144,15.369583129656343
,
73.82997134373144,15.369583129656343
73.83205412522045,15.36666680774487
,
73.83205412522045,15.36666680774487
73.83208463805747,15.364944427511748
,
73.83208463805747,15.364944427511748
73.83458712337652,15.3633614001474
,
73.83458712337652,15.3633614001474
73.83499904099946,15.362028104322787
,
73.83499904099946,15.362028104322787
73.83747097740603,15.36205574501687
,
73.83747097740603,15.36205574501687
73.83914186145824,15.361249907909677
,
73.83914186145824,15.361249907909677
73.84163662952096,15.357889145386896
,
73.84163662952096,15.357889145386896
73.84330747830855,15.357083337289817
,
73.84330747830855,15.357083337289817
73.84666438871356,15.357055635299798
,
73.84666438871356,15.357055635299798
73.84750369712121,15.357916815763348
,
73.84750369712121,15.357916815763348
73.85163880698812,15.358722676652471
,
73.85163880698812,15.358722676652471
73.85497287295699,15.362944642210621
,
73.85497287295699,15.362944642210621
73.86083218541629,15.362916971513364
,
73.86083218541629,15.362916971513364
73.86250305080914,15.363721853993619
,
73.86250305080914,15.363721853993619
73.86413576716019,15.36625006722055
,
73.86413576716019,15.36625006722055
73.86916348997515,15.366222420569242
,
73.86916348997515,15.366222420569242
73.87247464794449,15.367917059576662
,
73.87247464794449,15.367917059576662
73.87583159883646,15.367917063384606
,
73.87583159883646,15.367917063384606
73.87750242628042,15.3670835810879
,
73.87750242628042,15.3670835810879
73.88124850206357,15.362500174110789
,
73.88124850206357,15.362500174110789
73.88461301853543,15.354139296720486
,
73.88461301853543,15.354139296720486
73.88788605437868,15.347499846926773
,
73.88788605437868,15.347499846926773
73.88788605437868,15.345833766247582
,
73.88788605437868,15.345833766247582
73.89122013249269,15.341666265196064
,
73.89122013249269,15.341666265196064
73.89125063614709,15.340000132028317
,
73.89125063614709,15.340000132028317
73.89291379583904,15.338333110634153
,
73.89291379583904,15.338333110634153
73.89291379583904,15.336667092224536
,
73.89291379583904,15.336667092224536
73.89453127638627,15.33416655410881
,
73.89453127638627,15.33416655410881
73.89453127638627,15.332500481746544
,
73.89453127638627,15.332500481746544
73.89785770518189,15.328305259278508
,
73.89785770518189,15.328305259278508
73.89871976115771,15.324138632779437
,
73.89871976115771,15.324138632779437
73.89955902627464,15.32333372753904
,
73.89955902627464,15.32333372753904
73.89958190303918,15.319999717949255
,
73.89958190303918,15.319999717949255
73.90125270701417,15.317472475772904
,
73.90125270701417,15.317472475772904
73.90125270701417,15.315805407097807
,
73.90125270701417,15.315805407097807
73.9029159609349,15.314167005533493
,
73.9029159609349,15.314167005533493
73.9029159609349,15.312499960445685
,
73.9029159609349,15.312499960445685
73.90458682606419,15.310833005714363
,
73.90458682606419,15.310833005714363
73.90374758257664,15.302444480969447
,
73.90374758257664,15.302444480969447
73.90869139684109,15.292499578890006
,
73.90869139684109,15.292499578890006
73.9087523986835,15.286639216227877
,
73.9087523986835,15.286639216227877
73.90955349463572,15.285778073421135
,
73.90955349463572,15.285778073421135
73.9095306190411,15.28163906254874
,
73.9095306190411,15.28163906254874
73.91041567832282,15.280777934326423
,
73.91041567832282,15.280777934326423
73.91038508795661,15.278333682803074
,
73.91038508795661,15.278333682803074
73.91288756138731,15.273333588806775
,
73.91288756138731,15.273333588806775
73.91291806165371,15.269944199059145
,
73.91291806165371,15.269944199059145
73.91455843070665,15.26836109747811
,
73.91455843070665,15.26836109747811
73.91455843070665,15.267499892665896
,
73.91455843070665,15.267499892665896
73.91708372519231,15.263305696240034
,
73.91708372519231,15.263305696240034
73.9170837251923,15.261638657218082
,
73.9170837251923,15.261638657218082
73.91958620218537,15.257472079945417
,
73.91958620218537,15.257472079945417
73.9204407166514,15.25413898630829
,
73.9204407166514,15.25413898630829
73.92205814814105,15.250833515867349
,
73.92205814814105,15.250833515867349
73.9229201867115,15.243305188568515
,
73.9229201867115,15.243305188568515
73.9245834349218,15.240860971583091
,
73.9245834349218,15.240860971583091
73.9245834349218,15.238333731991892
,
73.9245834349218,15.238333731991892
73.92624666889044,15.235805551502683
,
73.92624666889044,15.235805551502683
73.927108778573,15.230805375464874
,
73.927108778573,15.230805375464874
73.9278869254781,15.230028169332611
,
73.9278869254781,15.230028169332611
73.9278869254781,15.22663883050413
,
73.9278869254781,15.22663883050413
73.9295807184983,15.224166864327717
,
73.9295807184983,15.224166864327717
73.93127440703684,15.216666201309552
,
73.93127440703684,15.216666201309552
73.93289183798174,15.214139006508512
,
73.93289183798174,15.214139006508512
73.93372342114604,15.209138877502447
,
73.93372342114604,15.209138877502447
73.9345550904408,15.20836063435014
,
73.9345550904408,15.20836063435014
73.93538666647176,15.195833225869693
,
73.93538666647176,15.195833225869693
73.9362258630867,15.194972015748357
,
73.9362258630867,15.194972015748357
73.93708039399927,15.18913844478151
,
73.93708039399927,15.18913844478151
73.93875123456968,15.185805353252253
,
73.93875123456968,15.185805353252253
73.93872073836026,15.181666385100321
,
73.93872073836026,15.181666385100321
73.94210812031503,15.174972532240586
,
73.94210812031503,15.174972532240586
73.94208524855486,15.170833572940555
,
73.94208524855486,15.170833572940555
73.94291688195622,15.170000117833474
,
73.94291688195622,15.170000117833474
73.94291688195622,15.1683330308478
,
73.94291688195622,15.1683330308478
73.94374851178478,15.16747188083172
,
73.94374851178478,15.16747188083172
73.9445571768799,15.162471769439593
,
73.9445571768799,15.162471769439593
73.94541929481906,15.161611537127353
,
73.94541929481906,15.161611537127353
73.94538879965994,15.15913870701549
,
73.94538879965994,15.15913870701549
73.94628140891687,15.158305180422277
,
73.94628140891687,15.158305180422277
73.9462204188656,15.154166251571402
,
73.9462204188656,15.154166251571402
73.94875337332368,15.149167092186785
,
73.94875337332368,15.149167092186785
73.9486922943618,15.145777731490147
,
73.9486922943618,15.145777731490147
73.94794463607853,15.144971861971111
,
73.94794463607853,15.144971861971111
73.94919590372817,15.142861374133735
,
73.94919590372817,15.142861374133735
73.95207977081517,15.143333455373577
,
73.95207977081517,15.143333455373577
73.95207977081517,15.144944175252819
,
73.95207977081517,15.144944175252819
73.9512481768089,15.14580533924071
,
73.9512481768089,15.14580533924071
73.9512253061294,15.150805473964631
,
73.9512253061294,15.150805473964631
73.95372007770712,15.155805572231166
,
73.95372007770712,15.155805572231166
73.95497130796541,15.157888379212512
,
73.95497130796541,15.157888379212512
73.95627598333863,15.157472651771704
,
73.95627598333863,15.157472651771704
73.9553909539446,15.153333680351896
,
73.9553909539446,15.153333680351896
73.95458224447556,15.152472526457032
,
73.95458224447556,15.152472526457032
73.95452879078594,15.148333563811882
,
73.95452879078594,15.148333563811882
73.95627598333863,15.145832994188968
,
73.95627598333863,15.145832994188968
73.95291898473646,15.14494421888532
,
73.95291898473646,15.14494421888532
73.9545592845033,15.143361081333406
,
73.9545592845033,15.143361081333406
73.95458224447556,15.139166811877914
,
73.95458224447556,15.139166811877914
73.95708468571458,15.136638606247466
,
73.95708468571458,15.136638606247466
73.95708468571458,15.135833704116365
,
73.95708468571458,15.135833704116365
73.95583346914863,15.135444661392317
,
73.95583346914863,15.135444661392317
73.9516907015023,15.138750076534027
,
73.9516907015023,15.138750076534027
73.94830321823108,15.140388480123404
,
73.94830321823108,15.140388480123404
73.94666286537479,15.140388459694913
,
73.94666286537479,15.140388459694913
73.94461063332656,15.138305675065943
,
73.94461063332656,15.138305675065943
73.943725550526,15.135777461873127
,
73.943725550526,15.135777461873127
73.93708039399927,15.131610867985792
,
73.93708039399927,15.131610867985792
73.93749998909404,15.130416872638003
,
73.93749998909404,15.130416872638003
73.93997188625725,15.130416832994857
,
73.93997188625725,15.130416832994857
73.94127657313317,15.129166581843217
,
73.94127657313317,15.129166581843217
73.94122311576578,15.126638395327436
,
73.94122311576578,15.126638395327436
73.93958279259463,15.124972321875875
,
73.93958279259463,15.124972321875875
73.94041443674361,15.123305300509799
,
73.94041443674361,15.123305300509799
73.94041443674361,15.121639246835011
,
73.94041443674361,15.121639246835011
73.93708039399927,15.117500320525494
,
73.93708039399927,15.117500320525494
73.93708039399927,15.114166235582157
,
73.93708039399927,15.114166235582157
73.93585972409547,15.11288928039778
,
73.93585972409547,15.11288928039778
73.9325027301056,15.113750486639187
,
73.9325027301056,15.113750486639187
73.92747493408159,15.11124989038476
,
73.92747493408159,15.11124989038476
73.92416381189173,15.11036106772831
,
73.92416381189173,15.11036106772831
73.9203872535428,15.108277333150353
,
73.9203872535428,15.108277333150353
73.92041775263341,15.107472395621636
,
73.92041775263341,15.107472395621636
73.9228896880136,15.105833050332945
,
73.9228896880136,15.105833050332945
73.9229201867115,15.103305800955763
,
73.9229201867115,15.103305800955763
73.92500305704537,15.10205557556633
,
73.92500305704537,15.10205557556633
73.92624666889044,15.100000425452679
,
73.92624666889044,15.100000425452679
73.92624666889043,15.095805168866406
,
73.92624666889043,15.095805168866406
73.92372131402924,15.093333255823998
,
73.92372131402924,15.093333255823998
73.9237518125966,15.09166620815545
,
73.9237518125966,15.09166620815545
73.92169189271893,15.08958342213646
,
73.92169189271893,15.08958342213646
73.92080688472817,15.089583395415888
,
73.92080688472817,15.089583395415888
73.91750336350682,15.086222614026942
,
73.91750336350682,15.086222614026942
73.91413878604047,15.085416824727895
,
73.91413878604047,15.085416824727895
73.91291806165371,15.083277686614885
,
73.91291806165371,15.083277686614885
73.91416928611082,15.082083686994546
,
73.91416928611082,15.082083686994546
73.91994474708116,15.08205507368003
,
73.91994474708116,15.08205507368003
73.92247006132526,15.083722094198935
,
73.92247006132526,15.083722094198935
73.92414093801517,15.082944893967756
,
73.92414093801517,15.082944893967756
73.93080905229027,15.083722109634184
,
73.93080905229027,15.083722109634184
73.93413539927425,15.079583142444559
,
73.93413539927425,15.079583142444559
73.93749998909404,15.078749615389642
,
73.93749998909404,15.078749615389642
73.94161220613279,15.073721882186325
,
73.94161220613279,15.073721882186325
73.94744111314425,15.073749510321372
,
73.94744111314425,15.073749510321372
73.94836429731585,15.072889364375001
,
73.94836429731585,15.072889364375001
73.95246883934472,15.072916960323123
,
73.95246883934472,15.072916960323123
73.95330814126415,15.072055821088505
,
73.95330814126415,15.072055821088505
73.95497130796541,15.07205578914399
,
73.95497130796541,15.07205578914399
73.95627598333863,15.070860896979736
,
73.95627598333863,15.070860896979736
73.9553909539446,15.069138501643991
,
73.9553909539446,15.069138501643991
73.95580288594563,15.068721769575697
,
73.95580288594563,15.068721769575697
73.95911409492486,15.068750355606335
,
73.95911409492486,15.068750355606335
73.960029600103,15.0678892264214
,
73.960029600103,15.0678892264214
73.96166992913976,15.067889193335898
,
73.96166992913976,15.067889193335898
73.96583553090686,15.064583732240278
,
73.96583553090686,15.064583732240278
73.96747590023513,15.064583806229013
,
73.96747590023513,15.064583806229013
73.96955873931286,15.063333501840477
,
73.96955873931286,15.063333501840477
73.96871950808882,15.061666470751751
,
73.96871950808882,15.061666470751751
73.97211452472087,15.05836105651173
,
73.97211452472087,15.05836105651173
73.97372434989177,15.054972621466247
,
73.97372434989177,15.054972621466247
73.97372434989177,15.053305617539392
,
73.97372434989177,15.053305617539392
73.97663878882341,15.04872225012147
,
73.97663878882341,15.04872225012147
73.97836300316074,15.048749879906081
,
73.97836300316074,15.048749879906081
73.98205565920996,15.051694848842379
,
73.98205565920996,15.051694848842379
73.98122410486769,15.053277968807734
,
73.98122410486769,15.053277968807734
73.98163607130991,15.05455588948421
,
73.98163607130991,15.05455588948421
73.98247524619383,15.053750005480001
,
73.98247524619383,15.053750005480001
73.98419187559757,15.053750001439651
,
73.98419187559757,15.053750001439651
73.98455810223284,15.052444464323532
,
73.98455810223284,15.052444464323532
73.9837188467726,15.050833683854584
,
73.9837188467726,15.050833683854584
73.9862213578012,15.04833318048657
,
73.9862213578012,15.04833318048657
73.98705289051068,15.0458612729285
,
73.98705289051068,15.0458612729285
73.9895553580843,15.040805774233394
,
73.9895553580843,15.040805774233394
73.99208065885391,15.032500303328392
,
73.99208065885391,15.032500303328392
73.99291987775304,15.031639126992872
,
73.99291987775304,15.031639126992872
73.99160764946868,15.030388815871254
,
73.99160764946868,15.030388815871254
73.98789213139982,15.029166184528881
,
73.98789213139982,15.029166184528881
73.9887466127708,15.027500150404816
,
73.9887466127708,15.027500150404816
73.98791499772594,15.025028236166127
,
73.98791499772594,15.025028236166127
73.99041745405881,15.023305933026723
,
73.99041745405881,15.023305933026723
73.99041745405881,15.021638905443295
,
73.99041745405881,15.021638905443295
73.99208065885391,15.019194576914558
,
73.99208065885391,15.019194576914558
73.99202730524702,15.01833342280689
,
73.99202730524702,15.01833342280689
73.9941635003308,15.017083204579796
,
73.9941635003308,15.017083204579796
73.99663547776242,15.017083199269473
,
73.99663547776242,15.017083199269473
73.99833682675828,15.019555086366289
,
73.99833682675828,15.019555086366289
73.9999999628437,15.018722498698498
,
73.9999999628437,15.018722498698498
74.00336456815138,15.01705551659093
,
74.00336456815138,15.01705551659093
74.00499726451497,15.01541712516967
,
74.00499726451497,15.01541712516967
74.00830843289413,15.016222003735109
,
74.00830843289413,15.016222003735109
74.00872043079862,15.01497268766058
,
74.00872043079862,15.01497268766058
74.0116424970946,15.012055365937774
,
74.0116424970946,15.012055365937774
74.01247409877512,15.012055392528007
,
74.01247409877512,15.012055392528007
74.01496888209925,15.009583442960587
,
74.01496888209925,15.009583442960587
74.01577760630381,15.009611124828158
,
74.01577760630381,15.009611124828158
74.01914211327063,15.01461124760052
,
74.01914211327063,15.01461124760052
74.01997377194927,15.01122185181768
,
74.01997377194927,15.01122185181768
74.0216140368229,15.01122191337158
,
74.0216140368229,15.01122191337158
74.02583311520598,15.008722328366996
,
74.02583311520598,15.008722328366996
74.02666474470682,15.008722287237687
,
74.02666474470682,15.008722287237687
74.02872470655099,15.006610857048297
,
74.02872470655099,15.006610857048297
74.02874756799501,15.004138972737787
,
74.02874756799501,15.004138972737787
74.02703097970408,15.002471945084622
,
74.02703097970408,15.002471945084622
74.02705384135132,15.001610787870906
,
74.02705384135132,15.001610787870906
74.0299987571938,15.001222570294798
,
74.0299987571938,15.001222570294798
74.03125002782474,15.000000038043227
,
74.03125002782474,15.000000038043227
74.03125002782474,14.999138801233952
,
74.03125002782474,14.999138801233952
74.03247071925725,14.997916236666969
,
74.03247071925725,14.997916236666969
74.0349731301524,14.99788852153584
,
74.0349731301524,14.99788852153584
74.03538516011726,14.997471843397035
,
74.03538516011726,14.997471843397035
74.0349731301524,14.996222521693388
,
74.0349731301524,14.996222521693388
74.03285980404128,14.994999868427755
,
74.03285980404128,14.994999868427755
74.03285980404128,14.994138740931959
,
74.03285980404128,14.994138740931959
74.03538516011727,14.992472693413028
,
74.03538516011727,14.992472693413028
74.03624722862823,14.987500205223467
,
74.03624722862823,14.987500205223467
74.03708652244174,14.986638982365982
,
74.03708652244174,14.986638982365982
74.03710938288155,14.983305912370598
,
74.03710938288155,14.983305912370598
74.03916932135014,14.982916852473055
,
74.03916932135014,14.982916852473055
74.04164125391196,14.986249936841391
,
74.04164125391196,14.986249936841391
74.04333494035927,14.987055793001186
,
74.04333494035927,14.987055793001186
74.04830932300895,14.987083463087783
,
74.04830932300895,14.987083463087783
74.0512771269645,14.984167130289114
,
74.0512771269645,14.984167130289114
74.0512771269645,14.983305916305568
,
74.0512771269645,14.983305916305568
74.04914094388235,14.982083319048137
,
74.04914094388235,14.982083319048137
74.04247281433777,14.982055627396251
,
74.04247281433777,14.982055627396251
74.04083254983986,14.98038867313837
,
74.04083254983986,14.98038867313837
74.03836060676257,14.980388625876069
,
74.03836060676257,14.980388625876069
74.03580471973905,14.982083317895293
,
74.03580471973905,14.982083317895293
74.03375245476744,14.98083309421746
,
74.03375245476744,14.98083309421746
74.03416439772514,14.979555124883639
,
74.03416439772514,14.979555124883639
74.03747559778776,14.97877788116997
,
74.03747559778776,14.97877788116997
74.04039005162035,14.975861544455233
,
74.04039005162035,14.975861544455233
74.04211422900316,14.972472146374141
,
74.04211422900316,14.972472146374141
74.04205317978253,14.969139125705098
,
74.04205317978253,14.969139125705098
74.04455564387226,14.964972497310743
,
74.04455564387226,14.964972497310743
74.04792026984563,14.95666690642858
,
74.04792026984563,14.95666690642858
74.04997256111173,14.954555537346502
,
74.04997256111173,14.954555537346502
74.05210873483102,14.954944638131218
,
74.05210873483102,14.954944638131218
74.04955294312907,14.95747183526447
,
74.04955294312907,14.95747183526447
74.04961398993876,14.960000074661872
,
74.04961398993876,14.960000074661872
74.05166626288761,14.962082866826444
,
74.05166626288761,14.962082866826444
74.05249786904817,14.96208282666835
,
74.05249786904817,14.96208282666835
74.05288700246696,14.960805908940205
,
74.05288700246696,14.960805908940205
74.05161283630274,14.960416801949016
,
74.05161283630274,14.960416801949016
74.05039217816648,14.958333051780206
,
74.05039217816648,14.958333051780206
74.05458067821912,14.954972286812538
,
74.05458067821912,14.954972286812538
74.05247501046038,14.952888531448282
,
74.05247501046038,14.952888531448282
74.04916380287182,14.952888489785682
,
74.04916380287182,14.952888489785682
74.04792026984563,14.95166686588799
,
74.04792026984563,14.95166686588799
74.04705807499391,14.949138681337352
,
74.04705807499391,14.949138681337352
74.04580690837733,14.94786070951436
,
74.04580690837733,14.94786070951436
74.04416658301818,14.947860723807068
,
74.04416658301818,14.947860723807068
74.04294587700527,14.946639054543079
,
74.04294587700527,14.946639054543079
74.04294587700527,14.944972008298041
,
74.04294587700527,14.944972008298041
74.04460907244345,14.943333635379881
,
74.04460907244345,14.943333635379881
74.04452516447928,14.942472490475462
,
74.04452516447928,14.942472490475462
74.04247281433777,14.9412498328135
,
74.04247281433777,14.9412498328135
74.04125209744346,14.939167054921418
,
74.04125209744346,14.939167054921418
74.04374695220382,14.93666651849744
,
74.04374695220382,14.93666651849744
74.04374695220382,14.93333343155745
,
74.04374695220382,14.93333343155745
74.04536442174268,14.930805186484797
,
74.04536442174268,14.930805186484797
74.04536442174268,14.9291391634404
,
74.04536442174268,14.9291391634404
74.04247281433777,14.927888888856728
,
74.04247281433777,14.927888888856728
74.04125209744346,14.925805061184581
,
74.04125209744346,14.925805061184581
74.04291530770797,14.924139051589878
,
74.04291530770797,14.924139051589878
74.04291530770797,14.922471994058267
,
74.04291530770797,14.922471994058267
74.04122161752055,14.919944734234901
,
74.04122161752055,14.919944734234901
74.04122161752055,14.917471899769229
,
74.04122161752055,14.917471899769229
74.04413601391732,14.912888560735956
,
74.04413601391732,14.912888560735956
74.04580690837733,14.912055983283604
,
74.04580690837733,14.912055983283604
74.04916380287182,14.912055953815166
,
74.04916380287182,14.912055953815166
74.05163578463633,14.910416589939329
,
74.05163578463633,14.910416589939329
74.05661012897254,14.910361319668993
,
74.05661012897254,14.910361319668993
74.05750275771913,14.90955543624537
,
74.05750275771913,14.90955543624537
74.05874631755054,14.909166369141145
,
74.05874631755054,14.909166369141145
74.05786131397534,14.907443963429705
,
74.05786131397534,14.907443963429705
74.05833433827837,14.906250011704078
,
74.05833433827837,14.906250011704078
74.06163785616617,14.90705589547048
,
74.06163785616617,14.90705589547048
74.06414033075531,14.904555327474425
,
74.06414033075531,14.904555327474425
74.06749725908249,14.905416496037153
,
74.06749725908249,14.905416496037153
74.0683365042653,14.904555322611534
,
74.0683365042653,14.904555322611534
74.06996918087482,14.904555332079909
,
74.06996918087482,14.904555332079909
74.07080841508649,14.90538883087628
,
74.07080841508649,14.90538883087628
74.07416531466906,14.907055886850271
,
74.07416531466906,14.907055886850271
74.07663723887718,14.907055831232201
,
74.07663723887718,14.907055831232201
74.07830811547228,14.90541646959711
,
74.07830811547228,14.90541646959711
74.08083340378965,14.90455528992692
,
74.08083340378965,14.90455528992692
74.08208469739758,14.903361300434215
,
74.08208469739758,14.903361300434215
74.08122256855287,14.89916702940829
,
74.08122256855287,14.89916702940829
74.08750152614414,14.89458370139013
,
74.08750152614414,14.89458370139013
74.08914183429329,14.894611347605
,
74.08914183429329,14.894611347605
74.09244535112204,14.896222140883115
,
74.09244535112204,14.896222140883115
74.09705350791232,14.891638743403936
,
74.09705350791232,14.891638743403936
74.09791565393031,14.887444506524771
,
74.09791565393031,14.887444506524771
74.09874723572692,14.886666278710686
,
74.09874723572692,14.886666278710686
74.09869382245766,14.88166717132756
,
74.09869382245766,14.88166717132756
74.09794612471522,14.880861296519518
,
74.09794612471522,14.880861296519518
74.09788509352052,14.877471883260098
,
74.09788509352052,14.877471883260098
74.10369112373361,14.872500452369408
,
74.10369112373361,14.872500452369408
74.10544582050375,14.868305197352482
,
74.10544582050375,14.868305197352482
74.10871885075765,14.859944381195241
,
74.10871885075765,14.859944381195241
74.10871885075765,14.85494421845663
,
74.10871885075765,14.85494421845663
74.10955809158261,14.8541392962341
,
74.10955809158261,14.8541392962341
74.10955809158261,14.851611153317641
,
74.10955809158261,14.851611153317641
74.11038971146417,14.850832916901387
,
74.11038971146417,14.850832916901387
74.11125179628738,14.845833743179629
,
74.11125179628738,14.845833743179629
74.11538697033426,14.841666184026083
,
74.11538697033426,14.841666184026083
74.11538697033426,14.840806002926055
,
74.11538697033426,14.840806002926055
74.118309003445,14.83874992519046
,
74.118309003445,14.83874992519046
74.12413787890806,14.83877757054789
,
74.12413787890806,14.83877757054789
74.12702939904868,14.839972526324436
,
74.12702939904868,14.839972526324436
74.12708280425007,14.840833649067827
,
74.12708280425007,14.840833649067827
74.12577822551427,14.842055286006461
,
74.12577822551427,14.842055286006461
74.11916352463633,14.845417065120452
,
74.11916352463633,14.845417065120452
74.1179199154286,14.84666634456689
,
74.1179199154286,14.84666634456689
74.118309003445,14.847916607514447
,
74.118309003445,14.847916607514447
74.11914058452102,14.847861307482185
,
74.11914058452102,14.847861307482185
74.12163539521119,14.845416992313869
,
74.12163539521119,14.845416992313869
74.12830350321158,14.842055317162952
,
74.12830350321158,14.842055317162952
74.13249967912766,14.842055303862544
,
74.13249967912766,14.842055303862544
74.13416289067366,14.84375000617936
,
74.13416289067366,14.84375000617936
74.1374740371712,14.843694711902323
,
74.1374740371712,14.843694711902323
74.13916775811049,14.844555845252058
,
74.13916775811049,14.844555845252058
74.14328000522852,14.84958358386262
,
74.14328000522852,14.84958358386262
74.1466369530766,14.851249686384563
,
74.1466369530766,14.851249686384563
74.15244290465792,14.856277450838009
,
74.15244290465792,14.856277450838009
74.1566390752532,14.856222190873256
,
74.1566390752532,14.856222190873256
74.16000366628626,14.85788919965281
,
74.16000366628626,14.85788919965281
74.16205598765545,14.859971959601204
,
74.16205598765545,14.859971959601204
74.16471865003999,14.858555762613845
,
74.16471865003999,14.858555762613845
74.16669468083323,14.855166468077655
,
74.16669468083323,14.855166468077655
74.16747283181647,14.849611239445077
,
74.16747283181647,14.849611239445077
74.16500094144,14.848722484265485
,
74.16500094144,14.848722484265485
74.16330718660767,14.847055420939412
,
74.16330718660767,14.847055420939412
74.16000366628626,14.846249549411437
,
74.16000366628626,14.846249549411437
74.1586914337467,14.844111482625362
,
74.1586914337467,14.844111482625362
74.1586914337467,14.842499713956427
,
74.1586914337467,14.842499713956427
74.16083524082264,14.84038921231236
,
74.16083524082264,14.84038921231236
74.16249846832758,14.840389266579622
,
74.16249846832758,14.840389266579622
74.16413883595591,14.842861213145259
,
74.16413883595591,14.842861213145259
74.1645583771374,14.840806019952007
,
74.1645583771374,14.840806019952007
74.1658020338995,14.839555736229176
,
74.1658020338995,14.839555736229176
74.16664119739127,14.839555710291085
,
74.16664119739127,14.839555710291085
74.1682815284453,14.841221822482902
,
74.1682815284453,14.841221822482902
74.16997523792197,14.841221799980877
,
74.16997523792197,14.841221799980877
74.17121885841038,14.839972490210627
,
74.17121885841038,14.839972490210627
74.17124940682784,14.83744431779257
,
74.17124940682784,14.83744431779257
74.16952516027925,14.834166518978808
,
74.16952516027925,14.834166518978808
74.16955561938981,14.829972304558762
,
74.16955561938981,14.829972304558762
74.17038724076289,14.829166375487867
,
74.17038724076289,14.829166375487867
74.16997523792197,14.827917133346519
,
74.16997523792197,14.827917133346519
74.16830446251792,14.830361340718722
,
74.16830446251792,14.830361340718722
74.16666413166642,14.830361362607558
,
74.16666413166642,14.830361362607558
74.16541286572833,14.829166444740501
,
74.16541286572833,14.829166444740501
74.16535947150498,14.827500318548152
,
74.16535947150498,14.827500318548152
74.16708375673235,14.82583335009757
,
74.16708375673235,14.82583335009757
74.16794584855063,14.823305097633789
,
74.16794584855063,14.823305097633789
74.16744228277764,14.822917003270966
,
74.16744228277764,14.822917003270966
74.1658020338995,14.8253612698566
,
74.1658020338995,14.8253612698566
74.1645583771374,14.824972144763196
,
74.1645583771374,14.824972144763196
74.16539002088633,14.821639038175046
,
74.16539002088633,14.821639038175046
74.16163635123637,14.817083333036447
,
74.16163635123637,14.817083333036447
74.16122432898877,14.818305927657702
,
74.16122432898877,14.818305927657702
74.16286470786054,14.820833195330644
,
74.16286470786054,14.820833195330644
74.16291810280066,14.82250026741378
,
74.16291810280066,14.82250026741378
74.16208644799057,14.823277433938603
,
74.16208644799057,14.823277433938603
74.16208644799057,14.827472699440646
,
74.16208644799057,14.827472699440646
74.16541286572833,14.832500421184537
,
74.16541286572833,14.832500421184537
74.16541286572833,14.835805864145431
,
74.16541286572833,14.835805864145431
74.1641692959497,14.83708284285406
,
74.1641692959497,14.83708284285406
74.16169736162854,14.837055247486731
,
74.16169736162854,14.837055247486731
74.15666962606726,14.83958336115958
,
74.15666962606726,14.83958336115958
74.1516418442609,14.839555719901519
,
74.1516418442609,14.839555719901519
74.15000154565259,14.838749889106875
,
74.15000154565259,14.838749889106875
74.14499661041924,14.834583275973674
,
74.14499661041924,14.834583275973674
74.14244082602502,14.834583282014798
,
74.14244082602502,14.834583282014798
74.13996887209962,14.832111338672384
,
74.13996887209962,14.832111338672384
74.1366118938919,14.83369448659287
,
74.1366118938919,14.83369448659287
74.13163760249874,14.836222650691894
,
74.13163760249874,14.836222650691894
74.12916568481732,14.83625032390988
,
74.12916568481732,14.83625032390988
74.12752536790784,14.834527975877576
,
74.12752536790784,14.834527975877576
74.12705233819746,14.83583352999149
,
74.12705233819746,14.83583352999149
74.1279144359643,14.836667029276574
,
74.1279144359643,14.836667029276574
74.12580869177434,14.837055205395261
,
74.12580869177434,14.837055205395261
74.12455751007853,14.835833526573484
,
74.12455751007853,14.835833526573484
74.12458035992307,14.834166546564026
,
74.12458035992307,14.834166546564026
74.12369539684715,14.833305359669737
,
74.12369539684715,14.833305359669737
74.12369539684715,14.830833427385429
,
74.12369539684715,14.830833427385429
74.12294770910881,14.829972252686577
,
74.12294770910881,14.829972252686577
74.12291715277509,14.822444879425024
,
74.12291715277509,14.822444879425024
74.12372586344624,14.821666723962839
,
74.12372586344624,14.821666723962839
74.12374880299991,14.818333667322515
,
74.12374880299991,14.818333667322515
74.12458035992307,14.817472444345496
,
74.12458035992307,14.817472444345496
74.12455751007853,14.80580516707721
,
74.11250306682763,14.801221834945544
74.11083222493778,14.801221862673959
,
74.11083222493778,14.801221862673959
74.10747526191253,14.802888911641405
,
74.10747526191253,14.802888911641405
74.10327915296939,14.802916514709755
,
74.10327915296939,14.802916514709755
74.10250091380335,14.803722375506048
,
74.10250091380335,14.803722375506048
74.0975036705101,14.80375006414778
,
74.0975036705101,14.80375006414778
74.09666446546844,14.802888893145456
,
74.09666446546844,14.802888893145456
74.09330751825145,14.802082980712022
,
74.09330751825145,14.802082980712022
74.09208677088631,14.80080511018382
,
